schema,cohort,prevalence,algo,arm,auroc,brier,ece10,ece20,calib_slope,calib_intercept,net_benefit_at_0.10,net_benefit_at_0.20,nb_positive_up_to
L1,cleveland,0.4587,logreg,unweighted,0.72,0.2131,0.087,0.088,0.954,-0.003,0.399,0.3383,0.6
L1,cleveland,0.4587,logreg,weighted,0.7195,0.2142,0.0536,0.0888,0.952,-0.16,0.4004,0.3399,0.6
L1,cleveland,0.4587,logreg,weighted + recalibrated,0.6891,0.216,0.0611,0.0858,0.503,-0.037,0.4019,0.3366,0.6
L1,cleveland,0.4587,dtree,unweighted,0.7074,0.2156,0.0716,0.0983,0.516,-0.015,0.4023,0.3358,0.6
L1,cleveland,0.4587,dtree,weighted,0.707,0.2169,0.0731,0.1033,0.515,-0.1,0.4023,0.3333,0.6
L1,cleveland,0.4587,dtree,weighted + recalibrated,0.6947,0.2158,0.0585,0.0799,0.717,0.014,0.388,0.3325,0.6
L1,cleveland,0.4587,rf,unweighted,0.7224,0.2111,0.0434,0.0724,0.939,-0.008,0.4015,0.349,0.6
L1,cleveland,0.4587,rf,weighted,0.7231,0.2109,0.0483,0.0835,0.939,-0.122,0.403,0.3482,0.6
L1,cleveland,0.4587,rf,weighted + recalibrated,0.6931,0.2191,0.0628,0.0845,0.234,-0.035,0.4056,0.3515,0.6
L1,cleveland,0.4587,extra,unweighted,0.7149,0.2139,0.0411,0.0745,1.26,0.026,0.3986,0.3424,0.6
L1,cleveland,0.4587,extra,weighted,0.7151,0.2148,0.0473,0.1009,1.258,-0.165,0.3986,0.3391,0.6
L1,cleveland,0.4587,extra,weighted + recalibrated,0.7017,0.2151,0.0695,0.1242,0.418,-0.007,0.4041,0.3358,0.6
L1,cleveland,0.4587,hgb,unweighted,0.6643,0.2539,0.1539,0.1703,0.335,-0.052,0.3865,0.3218,0.56
L1,cleveland,0.4587,hgb,weighted,0.6705,0.251,0.1465,0.1529,0.342,-0.099,0.3891,0.3226,0.58
L1,cleveland,0.4587,hgb,weighted + recalibrated,0.6346,0.2404,0.0661,0.1023,0.083,-0.134,0.392,0.33,0.56
L1,framingham,0.1519,logreg,unweighted,0.7198,0.118,0.0095,0.0168,0.951,-0.078,0.0741,0.0332,0.6
L1,framingham,0.1519,logreg,weighted,0.7201,0.2129,0.2942,0.2942,0.924,-1.712,0.0578,-0.0388,0.15
L1,framingham,0.1519,logreg,weighted + recalibrated,0.7101,0.1187,0.0088,0.0127,0.832,-0.259,0.0749,0.0359,0.54
L1,framingham,0.1519,dtree,unweighted,0.6561,0.1273,0.0443,0.0455,0.263,-1.171,0.0632,0.0203,0.27
L1,framingham,0.1519,dtree,weighted,0.6476,0.2253,0.2797,0.2797,0.115,-1.609,0.061,-0.0307,0.16
L1,framingham,0.1519,dtree,weighted + recalibrated,0.6416,0.1234,0.0064,0.0096,0.867,-0.225,0.0622,0.016,0.57
L1,framingham,0.1519,rf,unweighted,0.7015,0.1195,0.0143,0.0151,0.848,-0.234,0.0711,0.032,0.54
L1,framingham,0.1519,rf,weighted,0.6983,0.155,0.1698,0.1698,0.856,-1.161,0.062,-0.0096,0.18
L1,framingham,0.1519,rf,weighted + recalibrated,0.6872,0.1202,0.0096,0.0137,0.774,-0.355,0.07,0.0312,0.52
L1,framingham,0.1519,extra,unweighted,0.7127,0.119,0.0173,0.0239,1.324,0.511,0.072,0.03,0.48
L1,framingham,0.1519,extra,weighted,0.7105,0.2037,0.287,0.287,1.354,-1.576,0.0577,-0.0543,0.15
L1,framingham,0.1519,extra,weighted + recalibrated,0.7004,0.1192,0.0117,0.014,0.865,-0.204,0.0724,0.0262,0.56
L1,framingham,0.1519,hgb,unweighted,0.6607,0.1289,0.0612,0.0612,0.448,-0.802,0.0595,0.0142,0.27
L1,framingham,0.1519,hgb,weighted,0.6569,0.183,0.1856,0.1856,0.411,-1.421,0.0665,-0.0088,0.18
L1,framingham,0.1519,hgb,weighted + recalibrated,0.6486,0.1236,0.0074,0.008,0.744,-0.414,0.0648,0.018,0.6
L1,hungarian,0.3605,logreg,unweighted,0.6981,0.2049,0.0176,0.0787,0.92,-0.037,0.2933,0.2211,0.6
L1,hungarian,0.3605,logreg,weighted,0.6988,0.2196,0.1193,0.1239,0.922,-0.562,0.2906,0.216,0.45
L1,hungarian,0.3605,logreg,weighted + recalibrated,0.6774,0.2065,0.0696,0.0781,0.292,-0.374,0.2846,0.2236,0.6
L1,hungarian,0.3605,dtree,unweighted,0.696,0.2081,0.0684,0.0808,0.695,-0.146,0.2827,0.2279,0.53
L1,hungarian,0.3605,dtree,weighted,0.6978,0.2233,0.1302,0.1371,0.693,-0.548,0.2872,0.2151,0.48
L1,hungarian,0.3605,dtree,weighted + recalibrated,0.6664,0.2118,0.0477,0.0575,0.258,-0.367,0.2808,0.227,0.49
L1,hungarian,0.3605,rf,unweighted,0.6775,0.2125,0.0398,0.0686,0.744,-0.145,0.2872,0.2109,0.6
L1,hungarian,0.3605,rf,weighted,0.6808,0.2221,0.0989,0.1042,0.73,-0.471,0.2876,0.2143,0.5
L1,hungarian,0.3605,rf,weighted + recalibrated,0.6481,0.2205,0.0565,0.0989,0.178,-0.443,0.2823,0.2134,0.58
L1,hungarian,0.3605,extra,unweighted,0.6844,0.208,0.0401,0.0577,1.054,0.026,0.2887,0.2168,0.6
L1,hungarian,0.3605,extra,weighted,0.6858,0.2224,0.1218,0.1232,1.043,-0.542,0.2895,0.2066,0.44
L1,hungarian,0.3605,extra,weighted + recalibrated,0.6419,0.2191,0.0639,0.0766,0.198,-0.435,0.28,0.2151,0.55
L1,hungarian,0.3605,hgb,unweighted,0.6398,0.2449,0.155,0.1776,0.284,-0.359,0.2593,0.1973,0.51
L1,hungarian,0.3605,hgb,weighted,0.641,0.2576,0.1631,0.1801,0.285,-0.493,0.2638,0.2032,0.46
L1,hungarian,0.3605,hgb,weighted + recalibrated,0.6067,0.2254,0.0391,0.0722,0.185,-0.455,0.2861,0.1896,0.45
L1,kaggle_cvd70k,0.4947,logreg,unweighted,0.7899,0.1875,0.0324,0.0357,0.998,-0.0,0.4385,0.3762,0.6
L1,kaggle_cvd70k,0.4947,logreg,weighted,0.7899,0.1875,0.0321,0.036,0.998,-0.021,0.4385,0.3762,0.6
L1,kaggle_cvd70k,0.4947,logreg,weighted + recalibrated,0.7893,0.1858,0.0015,0.0046,0.993,-0.0,0.4387,0.3772,0.6
L1,kaggle_cvd70k,0.4947,dtree,unweighted,0.793,0.1833,0.0057,0.0071,0.97,-0.002,0.439,0.3773,0.6
L1,kaggle_cvd70k,0.4947,dtree,weighted,0.7929,0.1834,0.0051,0.0068,0.97,-0.021,0.439,0.3776,0.6
L1,kaggle_cvd70k,0.4947,dtree,weighted + recalibrated,0.7923,0.1834,0.0022,0.0037,1.002,-0.009,0.439,0.3772,0.6
L1,kaggle_cvd70k,0.4947,rf,unweighted,0.799,0.1814,0.0075,0.0101,1.034,0.002,0.4393,0.38,0.6
L1,kaggle_cvd70k,0.4947,rf,weighted,0.799,0.1814,0.0081,0.0087,1.035,-0.018,0.4392,0.38,0.6
L1,kaggle_cvd70k,0.4947,rf,weighted + recalibrated,0.7983,0.1815,0.0022,0.0035,0.99,-0.001,0.4394,0.38,0.6
L1,kaggle_cvd70k,0.4947,extra,unweighted,0.7943,0.1907,0.075,0.0751,1.605,0.029,0.4385,0.3714,0.6
L1,kaggle_cvd70k,0.4947,extra,weighted,0.7944,0.1907,0.0759,0.0759,1.604,-0.003,0.4385,0.3712,0.6
L1,kaggle_cvd70k,0.4947,extra,weighted + recalibrated,0.7935,0.1837,0.0016,0.0043,0.988,-0.0,0.4395,0.3797,0.6
L1,kaggle_cvd70k,0.4947,hgb,unweighted,0.7997,0.181,0.0029,0.0043,1.015,0.001,0.4394,0.38,0.6
L1,kaggle_cvd70k,0.4947,hgb,weighted,0.7997,0.1811,0.004,0.005,1.01,-0.02,0.4394,0.3799,0.6
L1,kaggle_cvd70k,0.4947,hgb,weighted + recalibrated,0.7991,0.1812,0.0013,0.0034,0.991,-0.0,0.4392,0.38,0.6
L1,va_longbeach,0.7437,logreg,unweighted,0.6408,0.1813,0.051,0.0902,0.742,0.259,0.7152,0.6796,0.6
L1,va_longbeach,0.7437,logreg,weighted,0.6364,0.2335,0.2219,0.2288,0.78,1.044,0.7152,0.6709,0.6
L1,va_longbeach,0.7437,logreg,weighted + recalibrated,0.5894,0.194,0.0779,0.0833,-0.001,1.067,0.7052,0.6696,0.6
L1,va_longbeach,0.7437,dtree,unweighted,0.6004,0.1912,0.0575,0.0733,0.477,0.535,0.7152,0.6796,0.6
L1,va_longbeach,0.7437,dtree,weighted,0.601,0.2472,0.2211,0.2283,0.478,1.043,0.7152,0.6796,0.6
L1,va_longbeach,0.7437,dtree,weighted + recalibrated,0.5902,0.1872,0.0249,0.0483,0.105,0.922,0.7152,0.6796,0.6
L1,va_longbeach,0.7437,rf,unweighted,0.5723,0.1916,0.0935,0.1101,0.444,0.569,0.7152,0.6796,0.6
L1,va_longbeach,0.7437,rf,weighted,0.5718,0.2233,0.1605,0.1786,0.411,0.932,0.7152,0.6796,0.6
L1,va_longbeach,0.7437,rf,weighted + recalibrated,0.5368,0.1993,0.0635,0.0635,0.003,1.063,0.7058,0.6709,0.6
L1,va_longbeach,0.7437,extra,unweighted,0.5819,0.1862,0.0231,0.0295,0.843,0.153,0.7152,0.6796,0.6
L1,va_longbeach,0.7437,extra,weighted,0.5844,0.2347,0.2241,0.2241,0.845,0.996,0.7152,0.6796,0.6
L1,va_longbeach,0.7437,extra,weighted + recalibrated,0.5262,0.1934,0.0534,0.0621,0.235,0.792,0.7152,0.6796,0.6
L1,va_longbeach,0.7437,hgb,unweighted,0.5711,0.2108,0.1379,0.1416,0.213,0.771,0.7152,0.6746,0.6
L1,va_longbeach,0.7437,hgb,weighted,0.5649,0.2475,0.1781,0.2074,0.197,0.97,0.7152,0.6583,0.6
L1,va_longbeach,0.7437,hgb,weighted + recalibrated,0.5401,0.1939,0.0608,0.0634,0.042,1.008,0.7152,0.6796,0.6
